Airport_Code,City
01A,"Afognak Lake, AK"
05A,"Little Squaw, AK"
06A,"Kizhuyak, AK"
09A,"Homer, AK"
1AK,"Mertarvik, AK"
1B1,"Hudson, NY"
1CT,"Somers, CT"
1FL,"Titusville, FL"
1G4,"Peach Springs, AZ"
1N7,"Blairstown, NJ"
1NY,"Penn Yan, NY"
1PA,"Connellsville, PA"
1TX,"Dumas, TX"
2AK,"Deerpark, AK"
2FL,"West Palm Beach, FL"
2GA,"Camilla, GA"
2NJ,"Williamstown, NJ"
2NY,"Port Washington, NY"
2PA,"Philadelphia, PA"
2WA,"Tacoma, WA"
3FL,"Wauchula, FL"
3NJ,"Camden, NJ"
3VA,"West Point, VA"
4CL,"El Mirage, CA"
4NC,"Andrews, NC"
5CA,"Palmdale, CA"
5GA,"Calhoun, GA"
5NJ,"Newark, NJ"
5PA,"Allentown, PA"
6AK,"Newtok, AK"
6B0,"Middlebury, VT"
6CA,"Little River, CA"
6GA,"Cornelia, GA"
6PA,"Chambersburg, PA"
7AK,"Akun, AK"
A01,"Fairbanks/Ft. Wainwright, AK"
A03,"Hallo Bay, AK"
A04,"Red Lake, AK"
A06,"Kougarok, AK"
A17,"Port Vita, AK"
A18,"Kantishna, AK"
A20,"Alpine, AK"
A26,"Ivotuk, AK"
A27,"Pogo Mines, AK"
A29,"Kiluda Bay, AK"
A30,"Terror Lake, AK"
A34,"Laura Lake, AK"
A43,"Kodiak Island, AK"
A48,"Port Hobron, AK"
A50,"Big Bay, AK"
A52,"Silver Salmon Creek, AK"
A5K,"Paxson, AK"
A63,"Yukon Charley Rivvers, AK"
A65,"Karluk Portage, AK"
A6K,"Fairbanks1, AK"
A72,"Chinitna Bay, AK"
A73,"McKinley Park, AK"
A75,"Malina Bay, AK"
A76,"Red Fox Bay, AK"
A87,"Carry Inlet, AK"
AA8,"Deadhorse, AK"
ABE,"Allentown/Bethlehem/Easton, PA"
ABI,"Abilene, TX"
ABL,"Ambler, AK"
ABQ,"Albuquerque, NM"
ABR,"Aberdeen, SD"
ABY,"Albany, GA"
ACK,"Nantucket, MA"
ACT,"Waco, TX"
ACV,"Arcata/Eureka, CA"
ACY,"Atlantic City, NJ"
ADK,"Adak Island, AK"
ADQ,"Kodiak, AK"
ADS,"Dallas, TX"
ADW,"Camp Springs, MD"
AET,"Allakaket, AK"
AEX,"Alexandria, LA"
AFW,"Dallas/Fort Worth, TX"
AGC,"Pittsburgh, PA"
AGN,"Angoon, AK"
AGS,"Augusta, GA"
AHN,"Athens, GA"
AIA,"Alliance, NE"
AIN,"Wainwright, AK"
AKB,"Atka, AK"
AKI,"Akiak, AK"
AKK,"Akhiok, AK"
AKN,"King Salmon, AK"
AKP,"Anaktuvuk Pass, AK"
AL6,"Fairhope, AL"
ALB,"Albany, NY"
ALO,"Waterloo, IA"
ALS,"Alamosa, CO"
ALW,"Walla Walla, WA"
ALZ,"Lazy Bay, AK"
AMA,"Amarillo, TX"
ANB,"Anniston, AL"
ANC,"Anchorage, AK"
AND,"Anderson, SC"
ANI,"Aniak, AK"
ANP,"Annapolis, MD"
ANV,"Anvik, AK"
AOO,"Altoona, PA"
AOS,"Amook Bay, AK"
APA,"Denver, CO"
APC,"Napa, CA"
APF,"Naples, FL"
APN,"Alpena, MI"
ARA,"New Iberia, LA"
ARC,"Arctic Village, AK"
ART,"Watertown, NY"
ASE,"Aspen, CO"
ASH,"Nashua, NH"
AST,"Astoria/Seaside, OR"
ATK,"Atqasuk, AK"
ATL,"Atlanta, GA"
ATS,"Artesia, NM"
ATT,"Atmautluak, AK"
ATW,"Appleton, WI"
ATY,"Watertown, SD"
AUG,"Augusta/Waterville, ME"
AUK,"Alakanuk, AK"
AUN,"Auburn, CA"
AUO,"Auburn, AL"
AUS,"Austin, TX"
AUZ,"Aurora, IL"
AVL,"Asheville, NC"
AVP,"Scranton/Wilkes-Barre, PA"
AVW,"Tucson, AZ"
AZ3,"Glendale, AZ"
AZ8,"Green Valley, AZ"
AZA,"Phoenix, AZ"
AZO,"Kalamazoo, MI"
B19,"Biddeford, ME"
BAD,"Shreveport, LA"
BAF,"Westfield, MA"
BAM,"Battle Mountain, NV"
BBX,"Blue Bell, PA"
BCE,"Bryce Canyon, UT"
BCT,"Boca Raton, FL"
BDL,"Hartford, CT"
BDR,"Bridgeport, CT"
BDY,"Bandon, OR"
BED,"Bedford, MA"
BET,"Bethel, AK"
BFB,"Blue Fox Bay, AK"
BFD,"Bradford, PA"
BFF,"Scottsbluff, NE"
BFI,"Seattle, WA"
BFL,"Bakersfield, CA"
BFM,"Mobile, AL"
BFT,"Beaufort, SC"
BGD,"Borger, TX"
BGM,"Binghamton, NY"
BGR,"Bangor, ME"
BGS,"Big Spring, TX"
BGT,"Bagdad, AZ"
BHB,"Bar Harbor, ME"
BHM,"Birmingham, AL"
BID,"Block Island, RI"
BIF,"El Paso, TX"
BIH,"Bishop, CA"
BIL,"Billings, MT"
BIS,"Bismarck/Mandan, ND"
BJC,"Broomfield, CO"
BJI,"Bemidji, MN"
BKC,"Buckland, AK"
BKG,"Branson, MO"
BKL,"Cleveland, OH"
BKW,"Beckley, WV"
BLD,"Boulder City, NV"
BLI,"Bellingham, WA"
BLM,"Belmar/Farmingdale, NJ"
BLV,"Belleville, IL"
BMC,"Brigham City, UT"
BMG,"Bloomington, IN"
BMI,"Bloomington/Normal, IL"
BML,"Berlin, NH"
BNA,"Nashville, TN"
BNF,"Baranof, AK"
BNH,"Boston, MA"
BOI,"Boise, ID"
BOS,"Boston, MA"
BOW,"Bartow, FL"
BPT,"Beaumont/Port Arthur, TX"
BQK,"Brunswick, GA"
BQN,"Aguadilla, PR"
BRD,"Brainerd, MN"
BRL,"Burlington, IA"
BRO,"Brownsville, TX"
BRW,"Barrow, AK"
BTI,"Barter Island, AK"
BTL,"Battle Creek, MI"
BTM,"Butte, MT"
BTP,"Butler, PA"
BTR,"Baton Rouge, LA"
BTT,"Bettles, AK"
BTV,"Burlington, VT"
BUF,"Buffalo, NY"
BUR,"Burbank, CA"
BVU,"Beluga, AK"
BVY,"Beverly, MA"
BWD,"Brownwood, TX"
BWG,"Bowling Green, KY"
BWI,"Baltimore, MD"
BYH,"Blytheville, AR"
BZN,"Bozeman, MT"
C01,"Camarillo, CA"
CAE,"Columbia, SC"
CAK,"Akron, OH"
CAR,"Caribou, ME"
CBA,"Corner Bay, AK"
CBK,"Colby, KS"
CCR,"Concord, CA"
CDB,"Cold Bay, AK"
CDC,"Cedar City, UT"
CDL,"Candle, AK"
CDR,"Chadron, NE"
CDV,"Cordova, AK"
CDW,"Caldwell, NJ"
CEC,"Crescent City, CA"
CEF,"Chicopee Falls, MA"
CEM,"Central, AK"
CEZ,"Cortez, CO"
CFT,"Clifton, AZ"
CGA,"Craig, AK"
CGF,"Cleveland, OH"
CGI,"Cape Girardeau, MO"
CGS,"College Park, MD"
CGZ,"Casa Grande, AZ"
CHA,"Chattanooga, TN"
CHO,"Charlottesville, VA"
CHP,"Circle Hot Springs, AK"
CHS,"Charleston, SC"
CHU,"Chuathbaluk, AK"
CIC,"Chico, CA"
CID,"Cedar Rapids/Iowa City, IA"
CIK,"Chalkyitsik, AK"
CIL,"Council, AK"
CIU,"Sault Ste. Marie, MI"
CKB,"Clarksburg/Fairmont, WV"
CKD,"Crooked Creek, AK"
CKU,"Cordova, AK"
CKV,"Clarksville, TN"
CKX,"Chicken, AK"
CLD,"Carlsbad, CA"
CLE,"Cleveland, OH"
CLL,"College Station/Bryan, TX"
CLM,"Port Angeles, WA"
CLP,"Clarks Point, AK"
CLT,"Charlotte, NC"
CMH,"Columbus, OH"
CMI,"Champaign/Urbana, IL"
CMX,"Hancock/Houghton, MI"
CNM,"Carlsbad, NM"
CNO,"Chino, CA"
CNY,"Moab, UT"
COD,"Cody, WY"
COE,"Coeur d'Alene, ID"
CON,"Concord, NH"
COS,"Colorado Springs, CO"
COU,"Columbia, MO"
CPR,"Casper, WY"
CPS,"St. Louis, MO"
CPX,"Culebra, PR"
CRG,"Jacksonville, FL"
CRP,"Corpus Christi, TX"
CRS,"Corsicana, TX"
CRW,"Charleston/Dunbar, WV"
CSG,"Columbus, GA"
CT1,"Plainville, CT"
CT2,"Simsbury, CT"
CT7,"Chester, CT"
CTH,"Coatesville, PA"
CVG,"Cincinnati, OH"
CVN,"Clovis, NM"
CVO,"Corvallis, OR"
CVS,"Clovis, NM"
CWA,"Mosinee, WI"
CWF,"Lake Charles, LA"
CXF,"Coldfoot, AK"
CXL,"Calexico, CA"
CXO,"Conroe, TX"
CYF,"Chefornak, AK"
CYS,"Cheyenne, WY"
CYT,"Cape Yakataga, AK"
CZF,"Cape Romanzof, AK"
CZN,"Chisana, AK"
DAB,"Daytona Beach, FL"
DAL,"Dallas, TX"
DAY,"Dayton, OH"
DBQ,"Dubuque, IA"
DCA,"Washington, DC"
DCK,"Dahl Creek, AK"
DCU,"Decatur, AL"
DDC,"Dodge City, KS"
DE2,"Middletown, DE"
DE3,"Dover-Cheswold, DE"
DEC,"Decatur, IL"
DEN,"Denver, CO"
DET,"Detroit, MI"
DFW,"Dallas/Fort Worth, TX"
DGB,"Danger Bay, AK"
DHB,"Deer Harbor, WA"
DHN,"Dothan, AL"
DIK,"Dickinson, ND"
DIO,"Diomede Island, AK"
DJN,"Delta Junction, AK"
DKK,"Dunkirk, NY"
DLF,"Del Rio, TX"
DLG,"Dillingham, AK"
DLH,"Duluth, MN"
DLS,"The Dalles, OR"
DMA,"Tucson, AZ"
DMN,"Deming, NM"
DNL,"Augusta, GA"
DOF,"Dora Bay, AK"
DOV,"Dover, DE"
DPA,"Chicago, IL"
DQK,"Fort Drum, NY"
DQL,"Anchorage, AK"
DQN,"New Smyrna Beach, FL"
DQS,"Whitmore, AZ"
DRF,"Drift River, AK"
DRG,"Deering, AK"
DRO,"Durango, CO"
DRT,"Del Rio, TX"
DSI,"Destin, FL"
DSM,"Des Moines, IA"
DTO,"Denton, TX"
DTR,"Decatur Island, WA"
DTW,"Detroit, MI"
DUJ,"DuBois, PA"
DUT,"Unalaska, AK"
DVL,"Devils Lake, ND"
DVT,"Phoenix, AZ"
DWH,"Houston, TX"
DXR,"Danbury, CT"
DYL,"Doylestown, PA"
DYS,"Abilene, TX"
EAA,"Eagle, AK"
EAR,"Kearney, NE"
EAT,"Wenatchee, WA"
EAU,"Eau Claire, WI"
ECP,"Panama City, FL"
EDA,"Edna Bay, AK"
EDE,"Edenton, NC"
EDF,"Anchorage, AK"
EDW,"Edwards, CA"
EEK,"Eek, AK"
EEN,"Keene, NH"
EFD,"Houston, TX"
EFK,"Newport, VT"
EGE,"Eagle, CO"
EGP,"Eagle Pass, TX"
EGV,"Eagle River, WI"
EGX,"Egegik, AK"
EHM,"Cape Newenham, AK"
EHR,"Eagle Harbor, AK"
EIL,"Fairbanks, AK"
EKA,"Eureka, CA"
EKO,"Elko, NV"
ELD,"El Dorado, AR"
ELI,"Elim, AK"
ELM,"Elmira/Corning, NY"
ELP,"El Paso, TX"
ELV,"Elfin Cove, AK"
EMK,"Emmonak, AK"
EMT,"El Monte, CA"
ENA,"Kenai, AK"
ENN,"Nenana, AK"
ENW,"Kenosha, WI"
ERI,"Erie, PA"
ESC,"Escanaba, MI"
ESD,"Eastsound, WA"
ESN,"Easton, MD"
EUG,"Eugene, OR"
EVV,"Evansville, IN"
EWB,"New Bedford/Fall River, MA"
EWN,"New Bern/Morehead/Beaufort, NC"
EWR,"Newark, NJ"
EXI,"Excursion Inlet, AK"
EYW,"Key West, FL"
FAI,"Fairbanks, AK"
FAK,"False Island, AK"
FAR,"Fargo, ND"
FAT,"Fresno, CA"
FAY,"Fayetteville, NC"
FBK,"Fairbanks, AK"
FBS,"Friday Harbor, WA"
FCA,"Kalispell, MT"
FCM,"Minneapolis, MN"
FDK,"Frederick, MD"
FFO,"Dayton, OH"
FHB,"Fernandina Beach, FL"
FID,"Fishers Island, NY"
FL4,"Bunnell, FL"
FL7,"Placida, FL"
FL8,"Deland, FL"
FLD,"Fond Du Lac, WI"
FLG,"Flagstaff, AZ"
FLL,"Fort Lauderdale, FL"
FLO,"Florence, SC"
FLT,"Flat, AK"
FME,"Fort Meade, MD"
FMN,"Farmington, NM"
FMY,"Fort Myers, FL"
FNL,"Fort Collins/Loveland, CO"
FNR,"Funter Bay Alaska, AK"
FNT,"Flint, MI"
FOD,"Fort Dodge, IA"
FOE,"Topeka, KS"
FOK,"Westhampton, NY"
FPR,"Fort Pierce, FL"
FPY,"Perry, FL"
FQI,"Scott, KY"
FRD,"Friday Harbor, WA"
FRG,"East Farmingdale, NY"
FRY,"Fryeburg, ME"
FSD,"Sioux Falls, SD"
FSM,"Fort Smith, AR"
FTW,"Dallas/Fort Worth, TX"
FTY,"Atlanta, GA"
FVG,"Wickenburg, AZ"
FVO,"Aurora, OR"
FWA,"Fort Wayne, IN"
FWL,"Farewell, AK"
FXE,"Fort Lauderdale, FL"
FYU,"Fort Yukon, AK"
FYV,"Fayetteville, AR"
GAI,"Gaithersburg, MD"
GAL,"Galena, AK"
GAM,"Gambell, AK"
GBH,"Galbraith Lake, AK"
GBR,"Great Barrington, MA"
GCC,"Gillette, WY"
GCK,"Garden City, KS"
GCN,"Grand Canyon, AZ"
GDC,"Greenville, SC"
GDV,"Glendive, MT"
GED,"Georgetown, DE"
GEG,"Spokane, WA"
GEK,"Ganes Creek, AK"
GFK,"Grand Forks, ND"
GFL,"Glens Falls, NY"
GGG,"Longview, TX"
GGW,"Glasgow, MT"
GJT,"Grand Junction, CO"
GKN,"Gulkana, AK"
GLH,"Greenville, MS"
GLR,"Gaylord, MI"
GLV,"Golovin, AK"
GLW,"Glasgow, KY"
GMT,"Granite Mountain, AK"
GNU,"Goodnews Bay, AK"
GNV,"Gainesville, FL"
GON,"New London/Groton, CT"
GPT,"Gulfport/Biloxi, MS"
GRB,"Green Bay, WI"
GRI,"Grand Island, NE"
GRK,"Killeen, TX"
GRR,"Grand Rapids, MI"
GSB,"Goldsboro, NC"
GSO,"Greensboro/High Point, NC"
GSP,"Greer, SC"
GST,"Gustavus, AK"
GTF,"Great Falls, MT"
GTR,"Columbus, MS"
GTY,"Gettysburg, PA"
GUC,"Gunnison, CO"
GUM,"Guam, TT"
GUP,"Gallup, NM"
GUS,"Peru, IN"
GVL,"Gainesville, GA"
GVQ,"Batavia, NY"
GVT,"Greenville, TX"
GWO,"Greenwood, MS"
GYR,"Goodyear, AZ"
GYY,"Gary, IN"
HAF,"Half Moon Bay, CA"
HAO,"Hamilton, OH"
HAR,"Harrisburg, PA"
HCR,"Holy Cross, AK"
HDH,"Mokuleia, HI"
HDN,"Hayden, CO"
HFD,"Hartford, CT"
HGR,"Hagerstown, MD"
HGZ,"Hogatza, AK"
HHH,"Hilton Head, SC"
HHR,"Hawthorne, CA"
HIB,"Hibbing, MN"
HIE,"Whitefield, NH"
HIF,"Ogden, UT"
HII,"Lake Havasu City, AZ"
HIK,"Honolulu, HI"
HIO,"Hillsboro, OR"
HKB,"Healy, AK"
HKY,"Hickory, NC"
HLM,"Holland, MI"
HLN,"Helena, MT"
HNH,"Hoonah, AK"
HNL,"Honolulu, HI"
HNM,"Hana, HI"
HNS,"Haines, AK"
HOB,"Hobbs, NM"
HOM,"Homer, AK"
HOP,"Hopkinsville, KY"
HOT,"Hot Springs, AR"
HOU,"Houston, TX"
HPB,"Hooper Bay, AK"
HPN,"White Plains, NY"
HRL,"Harlingen/San Benito, TX"
HRO,"Harrison, AR"
HSH,"Las Vegas, NV"
HSL,"Huslia, AK"
HSV,"Huntsville, AL"
HTO,"East Hampton, NY"
HTS,"Ashland, WV"
HUF,"Terre Haute, IN"
HUS,"Hughes, AK"
HUT,"Hutchinson, KS"
HVN,"New Haven, CT"
HVR,"Havre, MT"
HWD,"Hayward, CA"
HYA,"Hyannis, MA"
HYG,"Hydaburg, AK"
HYL,"Hollis, AK"
HYS,"Hays, KS"
HZL,"Hazleton, PA"
IAB,"Wichita, KS"
IAD,"Washington, DC"
IAG,"Niagara Falls, NY"
IAH,"Houston, TX"
IAN,"Kiana, AK"
ICT,"Wichita, KS"
ID1,"Driggs, ID"
IDA,"Idaho Falls, ID"
IDI,"Indiana, PA"
IFP,"Bullhead City, AZ"
IGG,"Igiugig, AK"
IGM,"Kingman, AZ"
IKK,"Kankakee, IL"
IKO,"Nikolski, AK"
IKV,"Ankeny, IA"
ILG,"Wilmington, DE"
ILI,"Iliamna, AK"
ILM,"Wilmington, NC"
ILN,"Wilmington, OH"
IMT,"Iron Mountain/Kingsfd, MI"
IN2,"Indianapolis, IN"
IN6,"Jeffersonville, IN"
IND,"Indianapolis, IN"
INL,"International Falls, MN"
INS,"Indian Springs, NV"
INT,"Winston-Salem, NC"
IPL,"El Centro, CA"
IPT,"Williamsport, PA"
IRC,"Circle, AK"
IRK,"Kirksville, MO"
ISM,"Orlando, FL"
ISO,"Kinston, NC"
ISP,"Islip, NY"
ISW,"Wisconsin Rapids, WI"
ITH,"Ithaca/Cortland, NY"
ITO,"Hilo, HI"
IWD,"Ironwood, MI"
IYK,"Inyokern, CA"
JAC,"Jackson, WY"
JAN,"Jackson/Vicksburg, MS"
JAX,"Jacksonville, FL"
JBR,"Jonesboro, AR"
JFK,"New York, NY"
JHM,"Kapalua, HI"
JHW,"Jamestown, NY"
JLA,"Cooper Lodge, AK"
JLN,"Joplin, MO"
JMS,"Jamestown, ND"
JNU,"Juneau, AK"
JRA,"New York, NY"
JRB,"New York, NY"
JRF,"Kapolei, HI"
JRV,"Ceiba, PR"
JST,"Johnstown, PA"
JVL,"Beloit/Janesville, WI"
JZE,"Trading Bay, AK"
JZI,"Portland, TN"
JZM,"Hog River, AK"
JZQ,"Brooksville, FL"
JZT,"Arlington, TX"
JZU,"Bennington, VT"
KAE,"Kake, AK"
KAL,"Kaltag, AK"
KBC,"Birch Creek, AK"
KCC,"Coffman Cove, AK"
KCG,"Chignik Bay, AK"
KCL,"Chignik Lagoon, AK"
KCQ,"Chignik, AK"
KEB,"Nanwalek, AK"
KEH,"Kenmore, WA"
KEK,"Ekwok, AK"
KFP,"False Pass, AK"
KGK,"Koliganek, AK"
KGX,"Grayling, AK"
KKA,"Koyuk, AK"
KKB,"Kitoi Bay, AK"
KKH,"Kongiganak, AK"
KKI,"Akiachak, AK"
KKL,"Karluk Lake, AK"
KLG,"Kalskag, AK"
KLL,"Levelock, AK"
KLN,"Larsen Bay, AK"
KLW,"Klawock, AK"
KMO,"Manokotak, AK"
KMY,"Moser Bay, AK"
KNB,"Kanab, UT"
KNK,"Kokhanok, AK"
KNW,"New Stuyahok, AK"
KOA,"Kona, HI"
KOT,"Kotlik, AK"
KOY,"Olga Bay, AK"
KOZ,"Ouzinkie, AK"
KPB,"Point Baker, AK"
KPN,"Kipnuk, AK"
KPR,"Port Williams, AK"
KPV,"Perryville, AK"
KPY,"Port Bailey, AK"
KQA,"Akutan, AK"
KS3,"Hiawatha, KS"
KSM,"St. Mary's, AK"
KTB,"Thorne Bay, AK"
KTN,"Ketchikan, AK"
KTS,"Brevig Mission, AK"
KUK,"Kasigluk, AK"
KVC,"King Cove, AK"
KVL,"Kivalina, AK"
KWF,"Waterfall, AK"
KWK,"Kwigillingok, AK"
KWN,"Quinhagak, AK"
KWP,"West Point, AK"
KWT,"Kwethluk, AK"
KXA,"Kasaan, AK"
KYK,"Karluk, AK"
KYU,"Koyukuk, AK"
KZB,"Zachar Bay, AK"
L41,"Marble Canyon, AZ"
LAA,"Lamar, CO"
LAF,"Lafayette, IN"
LAL,"Lakeland, FL"
LAN,"Lansing, MI"
LAR,"Laramie, WY"
LAS,"Las Vegas, NV"
LAW,"Lawton/Fort Sill, OK"
LAX,"Los Angeles, CA"
LBB,"Lubbock, TX"
LBE,"Latrobe, PA"
LBF,"North Platte, NE"
LBL,"Liberal, KS"
LCH,"Lake Charles, LA"
LCI,"Laconia, NH"
LCK,"Columbus, OH"
LDJ,"Linden, NJ"
LEB,"Lebanon-Hanover, NH"
LEE,"Leesburg, FL"
LEW,"Lewiston/Auburn, ME"
LEX,"Lexington, KY"
LFI,"Newport News/Hampton, VA"
LFT,"Lafayette, LA"
LGA,"New York, NY"
LGB,"Long Beach, CA"
LGC,"LaGrange, GA"
LGU,"Logan, UT"
LIH,"Lihue, HI"
LIT,"Little Rock, AR"
LIV,"Livengood, AK"
LKE,"Seattle, WA"
LKK,"Kulik Lake, AK"
LKP,"Lake Placid, NY"
LLY,"Mount Holly, NJ"
LMA,"Lake Minchumina, AK"
LMT,"Klamath Falls, OR"
LNA,"West Palm Beach, FL"
LNI,"Lonely, AK"
LNK,"Lincoln, NE"
LNN,"Willoughby, OH"
LNS,"Lancaster, PA"
LNY,"Lanai, HI"
LOT,"Chicago/Romeoville, IL"
LOW,"Louisa, VA"
LOZ,"London/Corbin, KY"
LPR,"Lorain/Elyria, OH"
LPS,"Lopez Island, WA"
LPW,"Little Port Walter, AK"
LRD,"Laredo, TX"
LRU,"Las Cruces, NM"
LSE,"La Crosse, WI"
LSR,"Lost River, AK"
LSV,"Las Vegas, NV"
LUK,"Cincinnati, OH"
LUP,"Kalaupapa, HI"
LUR,"Cape Lisburne, AK"
LVD,"Lime Village, AK"
LVK,"Livermore, CA"
LVM,"Livingston, MT"
LWB,"Lewisburg, WV"
LWM,"Lawrence, MA"
LWS,"Lewiston, ID"
LYH,"Lynchburg, VA"
LZU,"Lawrenceville, GA"
M91,
M91,"Springfield, TN"
MA1,"Edgartown, MA"
MA2,"Montague, MA"
MA3,"Taunton, MA"
MA4,"Marshfield, MA"
MA5,"Northampton, MA"
MAE,"Madera, CA"
MAF,"Midland/Odessa, TX"
MAZ,"Mayaguez, PR"
MBL,"Manistee/Ludington, MI"
MBS,"Saginaw/Bay City/Midland, MI"
MCC,"Sacramento, CA"
MCE,"Merced, CA"
MCF,"Tampa, FL"
MCG,"McGrath, AK"
MCI,"Kansas City, MO"
MCK,"McCook, NE"
MCN,"Macon, GA"
MCO,"Orlando, FL"
MCW,"Mason City, IA"
MD1,"Michellville, MD"
MD3,"Churchville, MD"
MD6,"Elkton, MD"
MDH,"Carbondale, IL"
MDN,"Madison, IN"
MDO,"Middleton Island, AK"
MDT,"Harrisburg, PA"
MDW,"Chicago, IL"
ME1,"Rangeley, ME"
ME2,"Islesboro, ME"
ME3,"Belfast, ME"
ME4,"Oxford, ME"
ME5,"Bethel, ME"
MEI,"Meridian, MS"
MEM,"Memphis, TN"
MEO,"Manteo, NC"
MEV,"Minden, NV"
MFD,"Mansfield, OH"
MFE,"Mission/McAllen/Edinburg, TX"
MFR,"Medford, OR"
MFV,"Melfa, VA"
MGE,"Marietta, GA"
MGM,"Montgomery, AL"
MGR,"Moultrie/Thomasville, GA"
MGW,"Morgantown, WV"
MHE,"Mitchell, SD"
MHK,"Manhattan/Ft. Riley, KS"
MHM,"Minchumina, AK"
MHR,"Sacramento, CA"
MHT,"Manchester, NH"
MHV,"Mojave, CA"
MIA,"Miami, FL"
MIB,"Minot, ND"
MIE,"Muncie/Anderson/Newcastle, IN"
MIV,"Millville, NJ"
MJX,"Toms River, NJ"
MKC,"Kansas City, MO"
MKE,"Milwaukee, WI"
MKG,"Muskegon, MI"
MKK,"Hoolehua, HI"
MKL,"Jackson, TN"
MLB,"Melbourne, FL"
MLI,"Moline, IL"
MLL,"Marshall, AK"
MLU,"Monroe, LA"
MLY,"Manley Hot Springs, AK"
MMH,"Mammoth Lakes, CA"
MMN,"Stow, MA"
MMU,"Morristown, NJ"
MN5,"Red Wing, MN"
MNT,"Minto, AK"
MNZ,"Manassas, VA"
MO6,"Lees Summit, MO"
MOB,"Mobile, AL"
MOD,"Modesto, CA"
MOT,"Minot, ND"
MOU,"Mountain Village, AK"
MPB,"Miami, FL"
MPV,"Montpelier/Barre, VT"
MQJ,"Indianapolis, IN"
MQT,"Marquette, MI"
MQY,"Smyrna, TN"
MRB,"Martinsburg, WV"
MRC,"Columbia, TN"
MRF,"Marfa, TX"
MRI,"Anchorage, AK"
MRK,"Marco Island, FL"
MRY,"Monterey, CA"
MSL,"Muscle Shoals, AL"
MSN,"Madison, WI"
MSO,"Missoula, MT"
MSP,"Minneapolis, MN"
MSS,"Massena, NY"
MSV,"Monticello, NY"
MSY,"New Orleans, LA"
MT3,"Ennis, MT"
MTH,"Marathon, FL"
MTJ,"Montrose/Delta, CO"
MTM,"Metlakatla, AK"
MTN,"Baltimore, MD"
MTO,"Mattoon/Charleston, IL"
MTP,"Montauk Point, NY"
MTX,"Fairbanks, AK"
MUE,"Kamuela, HI"
MUO,"Mountain Home, ID"
MVC,"Monroeville, AL"
MVL,"Morrisville, VT"
MVN,"Mount Vernon, IL"
MVW,"Burlington/Mount Vernon, WA"
MVY,"Martha's Vineyard, MA"
MWA,"Marion/Herrin, IL"
MWH,"Moses Lake, WA"
MXF,"Montgomery, AL"
MXY,"McCarthy, AK"
MYF,"San Diego, CA"
MYK,"May Creek, AK"
MYL,"McCall, ID"
MYR,"Myrtle Beach, SC"
MYU,"Mekoryuk, AK"
MZJ,"Marana, AZ"
N1C,"Cherry Point, NC"
N1Y,"Canandaigua, NY"
N2Y,"Seneca Falls, NY"
N3C,"Franklin, NC"
N4Y,"Southampton, NY"
N8C,"Oak Island, NC"
N8Y,"Harriman, NY"
NAD,"North Adams, MA"
NC8,"Burlington, NC"
NCN,"Chenega, AK"
NCO,"North Kingstown, RI"
NEW,"New Orleans, LA"
NGU,"Norfolk, VA"
NH6,"Newport, NH"
NHK,"Patuxent River, MD"
NHZ,"Brunswick, ME"
NIB,"Nikolai, AK"
NIP,"Jacksonville, FL"
NJ1,"Berlin, NJ"
NJ2,"West Creek, NJ"
NJ4,"Ocean City, NJ"
NJK,"El Centro, CA"
NKI,"Naukiti, AK"
NKX,"San Diego, CA"
NLG,"Nelson Lagoon, AK"
NM1,"Belen, NM"
NME,"Nightmute, AK"
NNK,"Naknek, AK"
NNL,"Nondalton, AK"
NOT,"Novato, CA"
NPA,"Pensacola, FL"
NPT,"Newport, RI"
NQX,"Key West, FL"
NTD,"Port Hueneme, CA"
NUI,"Nuiqsut, AK"
NUL,"Nulato, AK"
NUP,"Nunapitchuk, AK"
NUQ,"Mountain View, CA"
NUW,"Whidbey Island, WA"
NV4,"Reno, NV"
NV5,"Gerlach, NV"
NV6,"Pahrump, NV"
NY1,"Kingston, NY"
NY5,"Millbrook, NY"
NY7,"Skaneateles, NY"
NY9,"Hornell, NY"
NYL,"Yuma, AZ"
NYS,"New York, NY"
NZY,"San Diego, CA"
OAJ,"Jacksonville/Camp Lejeune, NC"
OAK,"Oakland, CA"
OBE,"Okeechobee, FL"
OBU,"Kobuk, AK"
OCE,"Ocean City, MD"
OCF,"Ocala, FL"
ODW,"Oak Harbor, WA"
OFF,"Omaha, NE"
OGD,"Ogden, UT"
OGG,"Kahului, HI"
OGS,"Ogdensburg, NY"
OHC,"Northeast Cape, AK"
OKC,"Oklahoma City, OK"
OLF,"Wolf Point, MT"
OLH,"Old Harbor, AK"
OLM,"Olympia, WA"
OMA,"Omaha, NE"
OME,"Nome, AK"
ONH,"Oneonta, NY"
ONN,"Onion Bay, AK"
ONP,"Newport, OR"
ONT,"Ontario, CA"
OOK,"Toksook, AK"
OPF,"Miami, FL"
OR1,"Grants Pass, OR"
OR4,"Bend, OR"
ORD,"Chicago, IL"
ORF,"Norfolk, VA"
ORH,"Worcester, MA"
ORI,"Port Lions, AK"
ORL,"Orlando, FL"
ORT,"Northway, AK"
ORV,"Noorvik, AK"
OSC,"Oscoda, MI"
OSU,"Columbus, OH"
OTH,"North Bend/Coos Bay, OR"
OTZ,"Kotzebue, AK"
OUN,"Norman, OK"
OWB,"Owensboro, KY"
OWD,"Norwood, MA"
OWK,"Norridgewock, ME"
OXC,"Waterbury, CT"
OXD,"Oxford, OH"
OXR,"Oxnard/Ventura, CA"
PA2,"Bedford, PA"
PA3,"Honesdale, PA"
PA5,"West Chester, PA"
PA8,"Collegeville, PA"
PAE,"Everett, WA"
PAH,"Paducah, KY"
PAM,"Panama City, FL"
PAO,"Palo Alto, CA"
PAQ,"Palmer, AK"
PBG,"Plattsburgh, NY"
PBI,"West Palm Beach/Palm Beach, FL"
PBK,"Pack Creek, AK"
PCA,"Portage Creek, AK"
PCD,"Prairie Du Chien, WI"
PCT,"Princeton, NJ"
PDB,"Pedro Bay, AK"
PDK,"Atlanta, GA"
PDT,"Pendleton, OR"
PDX,"Portland, OR"
PEC,"Pelican, AK"
PGA,"Page, AZ"
PGD,"Punta Gorda, FL"
PGM,"Port Graham, AK"
PGS,"Peach Springs, AZ"
PGV,"Greenville, NC"
PHF,"Newport News/Williamsburg, VA"
PHL,"Philadelphia, PA"
PHO,"Point Hope, AK"
PHX,"Phoenix, AZ"
PIA,"Peoria, IL"
PIB,"Hattiesburg/Laurel, MS"
PIE,"St. Petersburg, FL"
PIH,"Pocatello, ID"
PIP,"Pilot Point, AK"
PIR,"Pierre, SD"
PIT,"Pittsburgh, PA"
PIZ,"Point Lay, AK"
PKA,"Napaskiak, AK"
PKB,"Parkersburg, WV"
PLN,"Pellston, MI"
PML,"Port Moller, AK"
PNE,"Philadelphia, PA"
PNN,"Princeton, ME"
PNS,"Pensacola, FL"
POB,"Fayetteville, NC"
POU,"Poughkeepsie, NY"
PPC,"Prospect Creek, AK"
PPG,"Pago Pago, TT"
PPM,"Pompano Beach, FL"
PPV,"Port Protection, AK"
PQI,"Presque Isle/Houlton, ME"
PQS,"Pilot Station, AK"
PR1,"Cabo Rojo, PR"
PRB,"Paso Robles, CA"
PRC,"Prescott, AZ"
PSC,"Pasco/Kennewick/Richland, WA"
PSE,"Ponce, PR"
PSF,"Pittsfield, MA"
PSG,"Petersburg, AK"
PSK,"Dublin, VA"
PSM,"Portsmouth, NH"
PSP,"Palm Springs, CA"
PTA,"Port Alsworth, AK"
PTD,"Port Alexander, AK"
PTH,"Port Heiden, AK"
PTK,"Pontiac, MI"
PTL,"Port Armstrong, AK"
PTU,"Platinum, AK"
PTW,"Pottstown, PA"
PUB,"Pueblo, CO"
PUC,"Price, UT"
PUL,"Poulsbo, WA"
PUW,"Pullman, WA"
PVC,"Provincetown, MA"
PVD,"Providence, RI"
PVU,"Provo, UT"
PWA,"Oklahoma City, OK"
PWK,"Chicago, IL"
PWM,"Portland, ME"
PWT,"Bremerton, WA"
PYM,"Plymouth, MA"
QAJ,"Globe, AZ"
QMA,"Kennesaw, GA"
QMN,"Mansfield, MA"
QQB,"Keyes Point, AK"
QQT,"Peachtree City, GA"
QQU,"Window Rock, AZ"
QQY,"San Marcos, TX"
RAC,"Racine, WI"
RAP,"Rapid City, SD"
RBD,"Dallas/Fort Worth, TX"
RBG,"Roseburg, OR"
RBH,"Brooks Lodge, AK"
RBK,"Murrieta/Temecula, CA"
RBL,"Red Bluff, CA"
RBN,"Fort Jefferson, FL"
RBW,"Walterboro, SC"
RBY,"Ruby, AK"
RCA,"Rapid City, SD"
RCE,"Roche Harbor, WA"
RDB,"Red Dog, AK"
RDD,"Redding, CA"
RDG,"Reading, PA"
RDM,"Bend/Redmond, OR"
RDU,"Raleigh/Durham, NC"
RDV,"Red Devil, AK"
RFD,"Rockford, IL"
RHI,"Rhinelander, WI"
RIC,"Richmond, VA"
RIL,"Rifle, CO"
RIV,"Riverside, CA"
RIW,"Riverton/Lander, WY"
RKD,"Rockland, ME"
RKS,"Rock Springs, WY"
RLU,"Bornite/Ruby Creek, AK"
RME,"Rome, NY"
RMN,"Stafford, VA"
RMP,"Rampart, AK"
RNH,"New Richmond, WI"
RNO,"Reno, NV"
RNT,"Renton, WA"
ROA,"Roanoke, VA"
ROC,"Rochester, NY"
ROG,"Rogers, AR"
ROP,"Rota, TT"
ROW,"Roswell, NM"
RQI,"Nixon Fork Mine, AK"
RQK,"China Lake, CA"
RSH,"Russian Mission, AK"
RSJ,"Rosario, WA"
RST,"Rochester, MN"
RSW,"Fort Myers, FL"
RUT,"Rutland, VT"
RWI,"Rocky Mount, NC"
SAA,"Saratoga, WY"
SAC,"Sacramento, CA"
SAD,"Safford, AZ"
SAF,"Santa Fe, NM"
SAN,"San Diego, CA"
SAT,"San Antonio, TX"
SAV,"Savannah, GA"
SBA,"Santa Barbara, CA"
SBD,"San Bernardino, CA"
SBN,"South Bend, IN"
SBP,"San Luis Obispo, CA"
SBY,"Salisbury, MD"
SC1,"Beaufort, SC"
SC6,"Charleston, SC"
SC7,"Allendale, SC"
SCC,"Deadhorse, AK"
SCE,"State College, PA"
SCF,"Phoenix, AZ"
SCH,"Schenectady, NY"
SCK,"Stockton, CA"
SCM,"Scammon Bay, AK"
SDF,"Louisville, KY"
SDM,"San Diego, CA"
SDP,"Sandpoint, AK"
SDX,"Sedona, AZ"
SDY,"Sidney, MT"
SEA,"Seattle, WA"
SEE,"San Diego, CA"
SEF,"Sebring, FL"
SEG,"Selinsgrove, PA"
SFB,"Sanford, FL"
SFF,"Spokane, WA"
SFM,"Sanford, ME"
SFO,"San Francisco, CA"
SGF,"Springfield, MO"
SGH,"Springfield, OH"
SGR,"Sugar Land, TX"
SGU,"St. George, UT"
SGY,"Skagway, AK"
SHD,"Staunton, VA"
SHG,"Shungnak, AK"
SHH,"Shishmaref, AK"
SHN,"Shelton, WA"
SHR,"Sheridan, WY"
SHV,"Shreveport, LA"
SHX,"Shageluk, AK"
SIG,"San Juan, PR"
SIT,"Sitka, AK"
SIY,"Montague, CA"
SJC,"San Jose, CA"
SJT,"San Angelo, TX"
SJU,"San Juan, PR"
SKA,"Spokane, WA"
SKF,"San Antonio, TX"
SKJ,"Sitkinak, AK"
SKK,"Shaktoolik, AK"
SKW,"Skwentna, AK"
SLC,"Salt Lake City, UT"
SLE,"Salem, OR"
SLK,"Saranac Lake/Lake Placid, NY"
SLN,"Salina, KS"
SLQ,"Sleetmute, AK"
SME,"Somerset, KY"
SMF,"Sacramento, CA"
SMK,"St. Michael, AK"
SMO,"Santa Monica, CA"
SMX,"Santa Maria, CA"
SNA,"Santa Ana, CA"
SNP,"St. Paul, AK"
SNS,"Salinas/Monterey, CA"
SOP,"Pinehurst/Southern Pines, NC"
SOV,"Seldovia, AK"
SOW,"Show Low, AZ"
SPB,"Charlotte Amalie, VI"
SPG,"Tampa, FL"
SPI,"Springfield, IL"
SPN,"Saipan, TT"
SPS,"Wichita Falls, TX"
SQA,"Santa Ynez, CA"
SQL,"San Carlos, CA"
SQV,"Sequim, WA"
SRC,"Searcy, AR"
SRQ,"Sarasota/Bradenton, FL"
SRV,"Stony River, AK"
SSB,"Christiansted, VI"
SSC,"Sumter, SC"
SSF,"San Antonio, TX"
SSI,"Brunswick, GA"
STC,"St. Cloud, MN"
STG,"St. George Island, AK"
STL,"St. Louis, MO"
STP,"Minneapolis/St. Paul, MN"
STS,"Santa Rosa, CA"
STT,"Charlotte Amalie, VI"
STX,"Christiansted, VI"
SUA,"Stuart, FL"
SUN,"Sun Valley/Hailey/Ketchum, ID"
SUO,"Sunriver, OR"
SUS,"St. Louis, MO"
SUU,"Fairfield, CA"
SUX,"Sioux City, IA"
SVA,"Savoonga, AK"
SVC,"Silver City/Hurley, NM"
SVH,"Statesville, NC"
SVN,"Savannah, GA"
SVS,"Stevens Village, AK"
SVW,"Sparrevohn, AK"
SWD,"Seward, AK"
SWF,"Newburgh/Poughkeepsie, NY"
SWO,"Stillwater, OK"
SWW,"Sweetwater, TX"
SXP,"Sheldon Point, AK"
SXQ,"Soldotna, AK"
SXY,"Sidney, NY"
SYB,"Seal Bay, AK"
SYI,"Shelbyville/Tullahoma, TN"
SYR,"Syracuse, NY"
T4X,"Llano, TX"
T6X,"Houston, TX"
T8X,"Dallas, TX"
TAL,"Tanana, AK"
TBN,"Fort Leonard Wood, MO"
TCL,"Tuscaloosa, AL"
TCM,"Tacoma, WA"
TCS,"Truth Or Consequences, NM"
TCT,"Takotna, AK"
TEB,"Teterboro, NJ"
TEK,"Tatitlek, AK"
TEX,"Telluride, CO"
TIK,"Oklahoma City, OK"
TIQ,"Tinian, TT"
TIW,"Tacoma, WA"
TIX,"Titusville, FL"
TKA,"Talkeetna, AK"
TKE,"Tenakee, AK"
TKF,"Truckee, CA"
TKI,"Tokeen, AK"
TKJ,"Tok, AK"
TLA,"Teller, AK"
TLH,"Tallahassee, FL"
TLJ,"Tatalina, AK"
TLT,"Tuluksak, AK"
TMB,"Miami, FL"
TN8,"Nashville, TN"
TNC,"Tin City, AK"
TNK,"Tununak, AK"
TNT,"Miami, FL"
TOA,"Torrance, CA"
TOG,"Togiak, AK"
TOL,"Toledo, OH"
TPA,"Tampa, FL"
TPF,"Tampa, FL"
TRI,"Bristol/Johnson City/Kingsport, TN"
TRL,"Terrell, TX"
TRM,"Thermal, CA"
TSG,"Tanacross, AK"
TSM,"Taos, NM"
TSS,"New York, NY"
TTD,"Troutdale, OR"
TTN,"Trenton, NJ"
TUL,"Tulsa, OK"
TUP,"Tupelo, MS"
TUS,"Tucson, AZ"
TVC,"Traverse City, MI"
TVF,"Thief River Falls, MN"
TVI,"Thomasville, GA"
TVL,"Lake Tahoe, CA"
TWA,"Twin Hills, AK"
TWD,"Port Townsend, WA"
TWF,"Twin Falls, ID"
TX4,"Ballinger, TX"
TX6,"Horseshoe Bay, TX"
TXK,"Texarkana, AR"
TXX,"Fulshear, TX"
TYE,"Tyonek, AK"
TYR,"Tyler, TX"
TYS,"Knoxville, TN"
UAM,"Guam, TT"
UBF,"Chatham, MA"
UDD,"Bermuda Dunes, CA"
UES,"Waukesha, WI"
UGB,"Pilot Point, AK"
UGI,"Uganik, AK"
UGN,"Waukegan, IL"
UGS,"Ugashik, AK"
UIN,"Quincy, IL"
UKI,"Ukiah, CA"
UMT,"Umiat, AK"
UNK,"Unalakleet, AK"
USA,"Concord, NC"
UST,"St. Augustine, FL"
UT1,"Heber, UT"
UTO,"Utopia, AK"
UUK,"Kuparuk, AK"
UVA,"Uvalde, TX"
UXK,"Petaluma, CA"
UXO,"Fitchburg, MA"
UXR,"Monument Valley, UT"
VA4,"Leesburg, VA"
VA5,"Richmond, VA"
VA8,"Richmond, VA"
VAD,"Valdosta, GA"
VAK,"Chevak, AK"
VCT,"Victoria, TX"
VCV,"Victorville, CA"
VDI,"Vidalia, GA"
VDZ,"Valdez, AK"
VEE,"Venetie, AK"
VEL,"Vernal, UT"
VGC,"Hamilton, NY"
VGT,"Las Vegas, NV"
VIK,"Kavik River, AK"
VIS,"Visalia, CA"
VJI,"Abingdon, VA"
VLD,"Valdosta, GA"
VNC,"Venice, FL"
VNY,"Van Nuys, CA"
VOK,"Camp Douglas, WI"
VPS,"Valparaiso, FL"
VQQ,"Jacksonville, FL"
VQS,"Vieques, PR"
VRB,"Vero Beach, FL"
VSF,"Springfield, VT"
VTN,"Valentine, NE"
VUO,"Vancouver, WA"
VWD,"Hanford, CA"
VWE,"Chelan, WA"
VWK,"Saratoga Springs, NY"
VWO,"Arlington, WA"
VZL,"Los Alamitos, CA"
VZY,"Katmai Lodge, AK"
WA5,"Winthrop, WA"
WAA,"Wales, AK"
WBB,"Stebbins, AK"
WBQ,"Beaver, AK"
WCR,"Chandalar, AK"
WFB,"Ketchikan, AK"
WGO,"Winchester, VA"
WHD,"Hyder, AK"
WI7,"Baraboo, WI"
WJF,"Lancaster, CA"
WKV,"Philadelphia, PA"
WLK,"Selawik, AK"
WMK,"Meyers Chuck, AK"
WMO,"White Mountain, AK"
WNA,"Napakiak, AK"
WQC,"Hamilton, MT"
WQX,"Kiavak, AK"
WRG,"Wrangell, AK"
WRI,"Fort Dix, NJ"
WSH,"Shirley, NY"
WSM,"Wiseman, AK"
WSN,"South Naknek, AK"
WST,"Westerly, RI"
WSX,"Westsound, WA"
WTK,"Noatak, AK"
WTL,"Tuntutuliak, AK"
WVI,"Watsonville, CA"
WVL,"Augusta/Waterville, ME"
WWA,"Wasilla, AK"
WWD,"Cape May, NJ"
WWP,"Whale Pass, AK"
WWT,"Newtok, AK"
WYS,"West Yellowstone, MT"
XNA,"Fayetteville, AR"
XWA,"Williston, ND"
XWW,"Driggs, ID"
XXN,"Willits, CA"
XXP,"Lakeport, CA"
XXS,"Creswell, OR"
XXT,"Polson, MT"
XXY,"Fortuna, CA"
YAK,"Yakutat, AK"
YIP,"Detroit, MI"
YKM,"Yakima, WA"
YNG,"Youngstown/Warren, OH"
YUM,"Yuma, AZ"
ZNC,"Nyac, AK"
ZXC,"Gasquet, CA"
ZXF,"Illinois Creek, AK"
ZXH,"Chomondely Sound, AK"
ZXU,"North Kingstown, RI"
